[{
	"name":"Sala",
	"large":"https://firebasestorage.googleapis.com/v0/b/moveout-ab6e5.appspot.com/o/svg-furniture%2Fsofa-large.svg?alt=media&token=dd1c0d8c-76e5-4c01-bf95-200524b1237b",
	"order":1,
	"small":"https://firebasestorage.googleapis.com/v0/b/moveout-ab6e5.appspot.com/o/svg-furniture%2Fsofa.svg?alt=media&token=34cf4118-eefd-4271-8b90-91897635be5a",
	"data":[{
				"description":"Sofá 3 lugares",
				"weightinkg":10,
				"isfragile":true,
				"picture":"https://firebasestorage.googleapis.com/v0/b/moveout-ab6e5.appspot.com/o/svg-furniture%2Fsofa-attach.svg?alt=media&token=d8695b9f-0b86-4cfa-8fb2-8bab1c83a966",
				"dimension":"120*200",
				"additionalinfo":""
			},
			{
				"description":"Sofá 2 lugares",
				"weightinkg":8,
				"isfragile":true,
				"picture":"https://firebasestorage.googleapis.com/v0/b/moveout-ab6e5.appspot.com/o/svg-furniture%2Fsofa-attach.svg?alt=media&token=d8695b9f-0b86-4cfa-8fb2-8bab1c83a966",
				"dimension":"120*220",
				"additionalinfo":""
			},
			{
				"isfragile":true,
				"picture":"https://firebasestorage.googleapis.com/v0/b/moveout-ab6e5.appspot.com/o/svg-furniture%2Farmchair.svg?alt=media&token=e308781c-6411-4e27-aea0-f7c5ce272d71",
				"dimension":"120*220",
				"additionalinfo":"",
				"description":"Poltrona",
				"weightinkg":8
			},
			{
				"dimension":"120*220",
				"additionalinfo":"",
				"description":"Mesa de centro",
				"weightinkg":12,
				"isfragile":true,
				"picture":"https://firebasestorage.googleapis.com/v0/b/moveout-ab6e5.appspot.com/o/svg-furniture%2Ftable.svg?alt=media&token=9bae3592-41f8-4924-a0ec-00ac479615b7"
			},
			{
				"dimension":"120*220",
				"additionalinfo":"",
				"description":" Rack de TV",
				"weightinkg":15,
				"isfragile":true,
				"picture":"https://firebasestorage.googleapis.com/v0/b/moveout-ab6e5.appspot.com/o/svg-furniture%2Ficons8-tv-widescreen.svg?alt=media&token=1660be26-5c37-498e-b3d4-fa9a4e60112e"
			}
		]
},
{"name":"Cozinha",
	"large":"https://firebasestorage.googleapis.com/v0/b/moveout-ab6e5.appspot.com/o/svg-furniture%2Fstove-large.svg?alt=media&token=929c4f66-cac5-4a6b-8ef7-8e25937d3d77",
"order":2,
"small":"https://firebasestorage.googleapis.com/v0/b/moveout-ab6e5.appspot.com/o/svg-furniture%2Fstove.svg?alt=media&token=d81363ba-295b-4e6d-815b-dbb03f08c94d",
"data":[{"isfragile":false,
	"picture":"https://firebasestorage.googleapis.com/v0/b/moveout-ab6e5.appspot.com/o/svg-furniture%2Ftable.svg?alt=media&token=9bae3592-41f8-4924-a0ec-00ac479615b7",
"dimension":"120*220",
"additionalinfo":"",
"description":"Mesa",
"weightinkg":10},
{"description":"Máquina de lavar louças",
	"weightinkg":12,
"dimension":"120*220",
"additionalinfo":"",
"picture":"https://firebasestorage.googleapis.com/v0/b/moveout-ab6e5.appspot.com/o/svg-furniture%2Flaundry-machine-.svg?alt=media&token=eb894ab3-6e3e-4637-b4ee-4c42228e63a0"},
{"isfragile":false,
	"picture":"https://firebasestorage.googleapis.com/v0/b/moveout-ab6e5.appspot.com/o/svg-furniture%2Fstove-attach.svg?alt=media&token=f9c1a7ac-c4b9-4b9e-a7bf-b9590f3c7c36",
"dimension":"120*220",
"additionalinfo":"",
"description":"Fogão",
"weightinkg":"20"},
{"wightinkg":12,
	"dimension":"120*220",
"additionalinfo":"",
"description":"Geladeira",
"isfragile":true,
"picture":"https://firebasestorage.googleapis.com/v0/b/moveout-ab6e5.appspot.com/o/svg-furniture%2Fbooks-on-bookshelf.svg?alt=media&token=89e6dc4c-9aa8-46fb-a1f6-4695b296f2af"},
{"weightinkg":13,
	"isfragile":false,
"picture":"https://firebasestorage.googleapis.com/v0/b/moveout-ab6e5.appspot.com/o/svg-furniture%2Ftable.svg?alt=media&token=9bae3592-41f8-4924-a0ec-00ac479615b7",
"dimension":"120*220",
"additionalinfo":"",
"description":"Buffet"},
{"dimension":"120*220",
	"additionalinfo":"",
"description":"Armário",
"weightinkg":23,
"isfragile":false,
"picture":"https://firebasestorage.googleapis.com/v0/b/moveout-ab6e5.appspot.com/o/svg-furniture%2FGroup.svg?alt=media&token=a59936e7-6a35-41a0-8a95-48d2550f55ff"}]},
{"small":"https://firebasestorage.googleapis.com/v0/b/moveout-ab6e5.appspot.com/o/svg-furniture%2Fbed.svg?alt=media&token=be0d287c-4a55-4ec3-8b6a-2d0f177f45e0",
	"data":[{"dimension":"120*220",
	"additionalinfo":"",
"description":"Cama casal",
"weightinkg":22.5,
"isfragile":true,
"picture":"https://firebasestorage.googleapis.com/v0/b/moveout-ab6e5.appspot.com/o/svg-furniture%2Fbed-attach.svg?alt=media&token=30d8bb86-6455-41b2-a92f-a9aa133a6361"},
{"isfragile":false,
	"picture":"https://firebasestorage.googleapis.com/v0/b/moveout-ab6e5.appspot.com/o/svg-furniture%2Fbed-attach.svg?alt=media&token=30d8bb86-6455-41b2-a92f-a9aa133a6361",
"dimension":"120*220",
"additionalinfo":"",
"description":"Cama solteiro",
"weightinkg":12},
{"description":"Guarda-roupa",
	"weightinkg":12,
"isfragile":false,
"picture":"https://firebasestorage.googleapis.com/v0/b/moveout-ab6e5.appspot.com/o/svg-furniture%2Froupa.svg?alt=media&token=7c31ff61-c5f1-472e-9684-0af16e7496cc",
"dimension":"120*220",
"additionalinfo":""},
{"description":"Cômoda",
	"weightinkg":5.5,
"isfragile":true,
"picture":"https://firebasestorage.googleapis.com/v0/b/moveout-ab6e5.appspot.com/o/svg-furniture%2Fcomoda.svg?alt=media&token=5549357b-9865-4cc2-b696-f7147d2f7684",
"dimension":"120*220",
"additionalinfo":""}],
"name":"Quarto",
"large":"https://firebasestorage.googleapis.com/v0/b/moveout-ab6e5.appspot.com/o/svg-furniture%2Fbed-large.svg?alt=media&token=b54a47a4-cf21-4fff-be7e-2087080c47de",
"order":3},
{"name":"Sala de Jantar",
	"large":"https://firebasestorage.googleapis.com/v0/b/moveout-ab6e5.appspot.com/o/svg-furniture%2Ftable-large.svg?alt=media&token=f906311b-7c3d-4874-972b-4c1af9ead731",
"order":4,
"small":"https://firebasestorage.googleapis.com/v0/b/moveout-ab6e5.appspot.com/o/svg-furniture%2Ftable-small.svg?alt=media&token=16224681-1c85-4910-8378-138af9725363",
"data":[{"weightinkg":12,
	"isfragile":false,
"picture":"https://firebasestorage.googleapis.com/v0/b/moveout-ab6e5.appspot.com/o/svg-furniture%2Ftable.svg?alt=media&token=9bae3592-41f8-4924-a0ec-00ac479615b7",
"dimension":"120*220",
"additionalinfo":"",
"description":"Mesa de jantar"},
{"description":"Cadeiras",
	"weightinkg":10,
"isfragile":false,
"picture":"https://firebasestorage.googleapis.com/v0/b/moveout-ab6e5.appspot.com/o/svg-furniture%2Fchair.svg?alt=media&token=50670aab-906f-4717-b25b-2b3ec4e88c68",
"dimension":"120*220",
"additionalinfo":""},
{"dimension":"120*220",
	"additionalinfo":"",
"description":"Buffet",
"weightinkg":11,
"isfragile":false,
"picture":"https://firebasestorage.googleapis.com/v0/b/moveout-ab6e5.appspot.com/o/svg-furniture%2FGroup.svg?alt=media&token=a59936e7-6a35-41a0-8a95-48d2550f55ff"}]},
{"small":"https://firebasestorage.googleapis.com/v0/b/moveout-ab6e5.appspot.com/o/svg-furniture%2Flaundry-machine-small.svg?alt=media&token=14528fbe-a72d-4c0a-b5c5-12b5622ac34b",
	"data":[{"weightinkg":12,
	"isfragile":false,
"picture":"https://firebasestorage.googleapis.com/v0/b/moveout-ab6e5.appspot.com/o/svg-furniture%2Flaundry-machine-attach.svg?alt=media&token=958d01b5-8782-4710-abf0-a93822fb0c78",
"dimension":"120*220",
"additionalinfo":"",
"description":"Máquina de lavar"},
{"description":"Cama solteiro",
	"weightinkg":11,
"isfragile":true,
"picture":"https://firebasestorage.googleapis.com/v0/b/moveout-ab6e5.appspot.com/o/svg-furniture%2Flaundry-machine-.svg?alt=media&token=eb894ab3-6e3e-4637-b4ee-4c42228e63a0",
"dimension":"120*220",
"additionalinfo":""},
{"dimension":"120*220",
	"additionalinfo":"",
"description":"Buffet",
"weightinkg":12,
"isfragile":true,
"picture":"https://firebasestorage.googleapis.com/v0/b/moveout-ab6e5.appspot.com/o/svg-furniture%2FGroup.svg?alt=media&token=a59936e7-6a35-41a0-8a95-48d2550f55ff"}],
"name":"Lavanderia",
"large":"https://firebasestorage.googleapis.com/v0/b/moveout-ab6e5.appspot.com/o/svg-furniture%2Flaundry-machine-large.svg?alt=media&token=3a304b4d-dda8-44ce-b8c5-183d44f3489d",
"order":5},
{"data":[{"description":"Cadeiras",
	"weightinkg":20,
"isfragile":true,
"picture":"https://firebasestorage.googleapis.com/v0/b/moveout-ab6e5.appspot.com/o/svg-furniture%2Fchair.svg?alt=media&token=50670aab-906f-4717-b25b-2b3ec4e88c68",
"dimension":"120*220",
"additionalinfo":""},
{"dimension":"120*220",
	"additionalinfo":"",
"description":"Banco",
"weightinkg":12,
"isfragile":true,
"picture":"https://firebasestorage.googleapis.com/v0/b/moveout-ab6e5.appspot.com/o/svg-furniture%2FVector.svg?alt=media&token=fe20c054-8d08-46bf-b2c4-4945304c4088"},
{"dimension":"",
	"additionalinfo":"",
"description":"Mesa",
"weightinkg":"",
"isfragile":"",
"picture":"https://firebasestorage.googleapis.com/v0/b/moveout-ab6e5.appspot.com/o/svg-furniture%2Ftable.svg?alt=media&token=9bae3592-41f8-4924-a0ec-00ac479615b7"},
{"dimesion":"120*220",
	"weightinkg":12,
"isfragile":true,
"picture":"https://firebasestorage.googleapis.com/v0/b/moveout-ab6e5.appspot.com/o/svg-furniture%2FGroup.svg?alt=media&token=a59936e7-6a35-41a0-8a95-48d2550f55ff",
"additionalinfo":"",
"description":"Cômoda"}],
"name":"Área Externa",
"large":"https://firebasestorage.googleapis.com/v0/b/moveout-ab6e5.appspot.com/o/svg-furniture%2Foutdoor-cafe-large.svg?alt=media&token=79ce15df-4035-4935-9332-956b2676c224",
"order":6,
"small":"https://firebasestorage.googleapis.com/v0/b/moveout-ab6e5.appspot.com/o/svg-furniture%2Foutdoor-cafe.svg?alt=media&token=a7b816a0-ebec-4acb-8aba-931bbad86d85"}]